{
    "1": "Abdullah",
    "2": "Afnan",
    "3": "Ali Asjad",
    "4": "Ali Hamza",
    "5": "Ali Hasan",
    "6": "Aman Asghar",
    "7": "Asad Ali Arshad",
    "8": "Atif",
    "9": "Badar Rao",
    "10": "Ghulam_Mustafa",
    "11": "Hafiz Umer Ali",
    "12": "Haris",
    "13": "Mian Azeen Naseer",
    "14": "Muaaz",
    "15": "Muhammad Farhal Raza",
    "16": "Muzammil",
    "17": "Rehan Khan",
    "18": "Sarim Shahzad",
    "19": "Taha Rehan",
    "20": "Umair",
    "21": "Urooj Fatima",
    "22": "Uswa Fatima",
    "23": "WAQAS AHMAD",
    "24": "Waleed Ahmed",
    "25": "Wasiq Majeed",
    "26": "Zaid Shakeel",
    "27": "Zaid Waseem",
    "28": "Zameel Ahmed"
}